{
    "Account": true,
    "Supplier": true,
    "Customer": true,
    "Location": true,
    "Setting": true,
    "ASM": true,
    "SalesMen": true,
    "Material": true,
    "Product": true,
    "Production": true,
    "Stock": true,
    "Purchase": true,
    "Bank": true,
    "MobileBank": true,
    "Transfer": true,
    "Expense": true,
    "StockLedger": true,
    "StockReturn": true,
    "HRM": true,
    "Report": true,
    "Sale": true,
    "ProductDamage": true,
    "DamageProduct": true,
    "Dealer": true,
    "DealerSale": true,
    "DealerSalePanel": true,
    "DealerPanel": true,
    "DealerLoginController": true,
    "Salary": true,
    "Loan": true,
    "Department": true,
    "Designation": true
}